destination_id,destination,country,iso3,region,latitude,longitude,download_mbps,upload_mbps,latency_ms,mapped_hotels_5km,price_level_index,average_temperature_c,average_annual_precipitation_mm,beach_available,surfing_available,diving_available,hiking_available,cycling_available,nature_access_available,nightlife_available,cpi_score,government_effectiveness_score,political_stability_score,rule_of_law_score,health_expenditure_per_capita_usd,physicians_per_1000,uhc_service_coverage_index,world_risk_index,international_tourist_arrivals,tourist_arrivals_year
1,Bandar Seri Begawan,Brunei,BRN,South-eastern Asia,4.889545,114.941757,119.451,85.816,6.878,25,34.874679,26.933,3244.834,1,0,0,0,0,1,1.0,63.0,67.580101,86.438853,67.077854,733.005432,1.886,84.0,1.31,4521000.0,2018.0
2,Kuala Belait,Brunei,BRN,South-eastern Asia,4.58451,114.193237,116.893,85.442,7.296,7,34.874679,26.933,3244.834,1,0,0,0,1,1,1.0,63.0,67.580101,86.438853,67.077854,733.005432,1.886,84.0,1.31,4521000.0,2018.0
3,Phnom Penh,Cambodia,KHM,South-eastern Asia,11.568271,104.922443,80.791,73.179,5.537,308,33.624386,27.371,1837.638,1,1,0,0,1,0,1.0,20.0,45.633633,68.088067,38.785712,114.562958,0.211,62.0,8.14,6201000.0,2018.0
4,Siem Reap,Cambodia,KHM,South-eastern Asia,13.361756,103.859032,68.11,64.711,10.042,418,33.624386,27.371,1837.638,0,0,0,1,1,1,1.0,20.0,45.633633,68.088067,38.785712,114.562958,0.211,62.0,8.14,6201000.0,2018.0
5,Sihanoukville,Cambodia,KHM,South-eastern Asia,10.622049,103.522337,78.752,72.174,10.438,89,33.624386,27.371,1837.638,1,0,1,0,0,1,1.0,20.0,45.633633,68.088067,38.785712,114.562958,0.211,62.0,8.14,6201000.0,2018.0
6,Jakarta,Indonesia,IDN,South-eastern Asia,-6.175405,106.827168,95.304,76.706,6.433,427,28.650541,25.955,2771.173,1,0,0,0,1,1,,34.0,54.836591,55.489521,53.409012,131.777298,0.524,67.0,39.8,15810000.0,2018.0
7,Denpasar,Indonesia,IDN,South-eastern Asia,-8.665335,115.217619,102.541,92.966,12.015,662,28.650541,25.955,2771.173,1,1,1,1,1,1,1.0,34.0,54.836591,55.489521,53.409012,131.777298,0.524,67.0,39.8,15810000.0,2018.0
8,Yogyakarta,Indonesia,IDN,South-eastern Asia,-7.801349,110.364735,76.942,63.787,10.007,471,28.650541,25.955,2771.173,0,0,0,1,1,1,1.0,34.0,54.836591,55.489521,53.409012,131.777298,0.524,67.0,39.8,15810000.0,2018.0
9,Vientiane,Laos,LAO,South-eastern Asia,17.964099,102.613371,76.034,68.611,7.463,180,,24.174,1830.705,0,0,0,0,1,1,1.0,34.0,40.025976,75.420117,44.187197,27.417736,0.331,64.0,3.0,4186000.0,2018.0
10,Luang Prabang,Laos,LAO,South-eastern Asia,19.888744,102.135898,59.491,53.006,10.621,165,,24.174,1830.705,0,0,0,0,0,0,,34.0,40.025976,75.420117,44.187197,27.417736,0.331,64.0,3.0,4186000.0,2018.0
11,Pakse,Laos,LAO,South-eastern Asia,15.120146,105.804397,60.947,52.794,15.091,51,,24.174,1830.705,0,0,0,0,0,1,1.0,34.0,40.025976,75.420117,44.187197,27.417736,0.331,64.0,3.0,4186000.0,2018.0
12,Kuala Lumpur,Malaysia,MYS,South-eastern Asia,3.151696,101.694237,258.997,159.668,6.516,450,31.627206,26.384,2992.819,0,1,0,1,1,1,1.0,52.0,69.127333,72.46705,62.904739,450.338531,2.341,80.0,14.28,25832000.0,2018.0
13,George Town,Malaysia,MYS,South-eastern Asia,5.414162,100.328735,241.937,144.849,7.702,169,31.627206,26.384,2992.819,1,0,0,1,1,1,1.0,52.0,69.127333,72.46705,62.904739,450.338531,2.341,80.0,14.28,25832000.0,2018.0
14,Johor Bahru,Malaysia,MYS,South-eastern Asia,1.458199,103.764906,459.176,341.53,7.129,76,31.627206,26.384,2992.819,1,1,0,1,1,1,,52.0,69.127333,72.46705,62.904739,450.338531,2.341,80.0,14.28,25832000.0,2018.0
15,Yangon,Myanmar,MMR,South-eastern Asia,16.796713,96.160992,44.781,38.667,17.992,221,,23.864,2055.003,0,0,0,0,1,1,1.0,16.0,21.040716,30.187042,25.785766,56.189098,0.757,52.0,36.91,3551000.0,2018.0
16,Mandalay,Myanmar,MMR,South-eastern Asia,21.959683,96.094874,39.654,30.815,67.674,155,,23.864,2055.003,0,0,0,0,1,1,,16.0,21.040716,30.187042,25.785766,56.189098,0.757,52.0,36.91,3551000.0,2018.0
17,Naypyidaw,Myanmar,MMR,South-eastern Asia,19.775329,96.103255,123.909,15.48,62.667,3,,23.864,2055.003,0,0,0,0,0,1,1.0,16.0,21.040716,30.187042,25.785766,56.189098,0.757,52.0,36.91,3551000.0,2018.0
18,Manila,Philippines,PHL,South-eastern Asia,14.590449,120.980362,193.014,178.14,5.686,237,33.161548,26.286,2618.668,1,0,0,1,1,1,,32.0,54.150556,52.670712,47.086316,194.05484,0.792,69.0,46.56,7168000.0,2018.0
19,Cebu,Philippines,PHL,South-eastern Asia,10.293495,123.901818,178.033,178.717,8.931,215,33.161548,26.286,2618.668,1,0,1,1,1,1,1.0,32.0,54.150556,52.670712,47.086316,194.05484,0.792,69.0,46.56,7168000.0,2018.0
20,Davao,Philippines,PHL,South-eastern Asia,7.064831,125.608062,184.979,166.949,8.92,161,33.161548,26.286,2618.668,1,0,1,1,1,1,,32.0,54.150556,52.670712,47.086316,194.05484,0.792,69.0,46.56,7168000.0,2018.0
21,Singapore,Singapore,SGP,South-eastern Asia,1.289918,103.851907,528.713,420.547,4.967,428,60.490704,27.75,2485.505,1,1,0,1,1,1,1.0,84.0,95.665586,86.936838,81.596249,3921.602539,2.834,88.0,0.67,18508000.0,2018.0
22,Bangkok,Thailand,THA,South-eastern Asia,13.752494,100.493509,345.278,279.614,6.424,516,30.691586,26.854,1598.647,0,0,0,0,1,1,1.0,33.0,56.27225,54.222005,53.255639,326.504822,0.541,82.0,20.03,38178000.0,2018.0
23,Chiang Mai,Thailand,THA,South-eastern Asia,18.788278,98.98588,289.581,237.908,6.331,563,30.691586,26.854,1598.647,0,0,0,1,1,1,1.0,33.0,56.27225,54.222005,53.255639,326.504822,0.541,82.0,20.03,38178000.0,2018.0
24,Phuket,Thailand,THA,South-eastern Asia,7.88479,98.38915,325.842,272.771,9.465,107,30.691586,26.854,1598.647,1,1,1,1,1,1,1.0,33.0,56.27225,54.222005,53.255639,326.504822,0.541,82.0,20.03,38178000.0,2018.0
25,Dili,Timor-Leste,TLS,South-eastern Asia,-8.553681,125.578409,88.369,26.219,58.029,45,27.881625,24.568,1314.348,1,0,1,0,0,1,1.0,44.0,33.868815,74.8795,46.196383,144.214523,0.752,48.0,7.25,74600.0,2018.0
26,Ho Chi Minh City,Vietnam,VNM,South-eastern Asia,10.773726,106.716601,255.38,201.98,4.679,499,,24.761,1774.094,0,0,0,0,1,1,1.0,41.0,49.545858,65.991307,51.56168,197.192108,1.107,71.0,25.92,15498000.0,2018.0
27,Hanoi,Vietnam,VNM,South-eastern Asia,21.028333,105.854041,232.2,181.038,5.016,545,,24.761,1774.094,1,0,0,1,1,1,1.0,41.0,49.545858,65.991307,51.56168,197.192108,1.107,71.0,25.92,15498000.0,2018.0
28,Da Nang,Vietnam,VNM,South-eastern Asia,16.068501,108.224024,236.753,192.788,5.281,453,,24.761,1774.094,1,0,1,0,1,1,1.0,41.0,49.545858,65.991307,51.56168,197.192108,1.107,71.0,25.92,15498000.0,2018.0
29,Shanghai,China,CHN,Eastern Asia,31.232344,121.469102,403.182,114.102,9.521,361,47.256718,7.55,609.556,1,0,0,0,1,1,1.0,43.0,68.758124,63.275162,46.994209,763.377625,3.112,85.0,30.62,158606000.0,2018.0
30,Beijing,China,CHN,Eastern Asia,39.905714,116.391297,298.625,69.766,27.846,290,47.256718,7.55,609.556,0,0,0,1,1,1,,43.0,68.758124,63.275162,46.994209,763.377625,3.112,85.0,30.62,158606000.0,2018.0
31,Shenzhen,China,CHN,Eastern Asia,22.544574,114.054543,214.407,31.636,30.864,87,47.256718,7.55,609.556,1,0,0,1,1,1,1.0,43.0,68.758124,63.275162,46.994209,763.377625,3.112,85.0,30.62,158606000.0,2018.0
32,Tokyo,Japan,JPN,Eastern Asia,35.67686,139.763895,238.793,173.35,13.55,553,64.867964,11.764,1643.372,1,0,1,1,1,1,1.0,71.0,91.937844,85.270442,82.979984,3638.192871,2.649,86.0,24.81,31191000.0,2018.0
33,Osaka,Japan,JPN,Eastern Asia,34.693757,135.501454,247.913,146.945,36.461,430,64.867964,11.764,1643.372,1,0,0,1,1,1,1.0,71.0,91.937844,85.270442,82.979984,3638.192871,2.649,86.0,24.81,31191000.0,2018.0
34,Fukuoka,Japan,JPN,Eastern Asia,33.589899,130.401751,240.439,126.063,47.089,158,64.867964,11.764,1643.372,1,0,0,1,1,1,,71.0,91.937844,85.270442,82.979984,3638.192871,2.649,86.0,24.81,31191000.0,2018.0
35,Ulaanbaatar,Mongolia,MNG,Eastern Asia,47.918468,106.917702,104.515,67.996,7.876,141,34.177842,1.025,227.471,0,0,0,0,1,1,1.0,31.0,43.772498,73.075192,55.247598,359.609802,4.13,70.0,1.96,598000.0,2018.0
36,Pyongyang,North Korea,PRK,Eastern Asia,39.016798,125.747361,,,,16,,6.915,1005.78,0,0,0,0,1,1,1.0,15.0,26.621098,71.395786,30.706924,,3.628,77.0,11.7,,
37,Seoul,South Korea,KOR,Eastern Asia,37.566679,126.978291,270.69,222.279,6.221,268,57.389331,12.169,1368.084,1,0,0,1,1,1,1.0,63.0,80.248364,76.815506,76.19689,3136.785645,2.61,88.0,11.01,15347000.0,2018.0
38,Busan,South Korea,KOR,Eastern Asia,35.179953,129.075237,279.485,239.775,12.383,48,57.389331,12.169,1368.084,1,0,0,1,1,1,,63.0,80.248364,76.815506,76.19689,3136.785645,2.61,88.0,11.01,15347000.0,2018.0
39,Jeju,South Korea,KOR,Eastern Asia,33.499829,126.53139,264.8,216.445,15.289,89,57.389331,12.169,1368.084,1,0,0,1,1,1,1.0,63.0,80.248364,76.815506,76.19689,3136.785645,2.61,88.0,11.01,15347000.0,2018.0
40,Kabul,Afghanistan,AFG,Southern Asia,34.52695,69.185058,22.205,18.196,28.131,39,,13.403,338.409,0,0,0,1,1,1,,16.0,13.73581,28.225857,23.653589,59.067707,0.317,42.0,3.7,,
41,Dhaka,Bangladesh,BGD,Southern Asia,23.764386,90.389014,101.907,89.585,4.53,142,25.35745,25.673,2175.69,1,0,0,0,1,1,1.0,24.0,39.305124,40.904851,40.441413,53.464325,0.722,54.0,26.71,267000.0,2018.0
42,Chattogram,Bangladesh,BGD,Southern Asia,22.333778,91.834435,80.717,65.565,4.79,94,25.35745,25.673,2175.69,1,0,0,0,0,1,1.0,24.0,39.305124,40.904851,40.441413,53.464325,0.722,54.0,26.71,267000.0,2018.0
43,Cox's Bazar,Bangladesh,BGD,Southern Asia,21.442004,91.981246,58.764,53.13,8.356,104,25.35745,25.673,2175.69,1,0,0,0,0,1,1.0,24.0,39.305124,40.904851,40.441413,53.464325,0.722,54.0,26.71,267000.0,2018.0
44,Thimphu,Bhutan,BTN,Southern Asia,27.471355,89.633673,36.167,18.79,36.128,126,22.929383,10.21,1899.346,0,0,0,1,0,1,,71.0,62.63426,89.02485,70.565753,162.196808,0.553,69.0,1.11,274000.0,2018.0
45,Paro,Bhutan,BTN,Southern Asia,27.430767,89.412987,18.725,15.657,19.901,29,22.929383,10.21,1899.346,0,0,0,1,0,1,1.0,71.0,62.63426,89.02485,70.565753,162.196808,0.553,69.0,1.11,274000.0,2018.0
46,Bengaluru,India,IND,Southern Asia,12.976794,77.590082,137.88,131.553,7.314,250,23.048401,24.902,1110.191,0,0,0,1,1,1,,39.0,59.207628,52.472312,56.289557,84.686699,0.723,69.0,40.73,17423000.0,2018.0
47,Mumbai,India,IND,Southern Asia,19.054999,72.869204,89.309,88.943,6.475,81,23.048401,24.902,1110.191,1,0,0,1,1,1,1.0,39.0,59.207628,52.472312,56.289557,84.686699,0.723,69.0,40.73,17423000.0,2018.0
48,Panaji,India,IND,Southern Asia,15.498995,73.828214,95.769,95.622,13.24,86,23.048401,24.902,1110.191,1,1,1,1,1,1,1.0,39.0,59.207628,52.472312,56.289557,84.686699,0.723,69.0,40.73,17423000.0,2018.0
49,Tehran,Iran,IRN,Southern Asia,35.689252,51.3896,,,,130,,18.345,219.484,1,0,0,0,1,1,,23.0,37.610603,38.885165,35.712913,267.059021,1.811,81.0,16.3,7295000.0,2018.0
50,Shiraz,Iran,IRN,Southern Asia,29.606022,52.537804,,,,143,,18.345,219.484,0,0,0,0,1,1,1.0,23.0,37.610603,38.885165,35.712913,267.059021,1.811,81.0,16.3,7295000.0,2018.0
51,Isfahan,Iran,IRN,Southern Asia,32.670788,51.665,,,,121,,18.345,219.484,0,0,0,0,1,1,1.0,23.0,37.610603,38.885165,35.712913,267.059021,1.811,81.0,16.3,7295000.0,2018.0
52,Malé,Maldives,MDV,Southern Asia,4.177988,73.510739,53.378,28.74,14.709,48,51.181142,28.109,2189.324,1,1,1,0,1,1,1.0,39.0,47.03777,64.964193,57.727991,1159.028198,2.235,71.0,1.04,1484000.0,2018.0
53,Kathmandu,Nepal,NPL,Southern Asia,27.708317,85.320582,129.056,102.217,5.477,699,24.366958,14.073,1263.708,1,0,0,1,1,1,1.0,34.0,34.141669,58.812133,51.738622,83.96019,1.011,58.0,2.6,1173000.0,2018.0
54,Pokhara,Nepal,NPL,Southern Asia,28.209538,83.991402,108.628,93.504,8.356,518,24.366958,14.073,1263.708,1,0,0,1,1,1,1.0,34.0,34.141669,58.812133,51.738622,83.96019,1.011,58.0,2.6,1173000.0,2018.0
55,Islamabad,Pakistan,PAK,Southern Asia,33.693812,73.065151,41.837,40.881,6.727,83,24.128935,21.397,290.419,1,0,0,1,1,1,,28.0,39.667703,30.647688,39.459773,30.486084,1.16,56.0,26.82,,
56,Karachi,Pakistan,PAK,Southern Asia,24.854684,67.020706,34.872,33.382,5.98,156,24.128935,21.397,290.419,1,0,0,0,1,1,1.0,28.0,39.667703,30.647688,39.459773,30.486084,1.16,56.0,26.82,,
57,Lahore,Pakistan,PAK,Southern Asia,31.565682,74.314183,20.279,19.069,10.294,60,24.128935,21.397,290.419,0,0,0,0,1,1,1.0,28.0,39.667703,30.647688,39.459773,30.486084,1.16,56.0,26.82,,
58,Colombo,Sri Lanka,LKA,Southern Asia,6.938861,79.854201,84.283,54.825,16.625,99,,27.234,1741.416,1,0,0,0,1,1,1.0,35.0,46.002677,59.910668,52.528719,134.236542,1.136,72.0,4.87,2521000.0,2018.0
59,Galle,Sri Lanka,LKA,Southern Asia,6.032814,80.214955,55.563,32.01,26.88,154,,27.234,1741.416,1,1,1,1,0,1,1.0,35.0,46.002677,59.910668,52.528719,134.236542,1.136,72.0,4.87,2521000.0,2018.0
60,Kandy,Sri Lanka,LKA,Southern Asia,7.293121,80.635036,56.902,35.857,22.285,205,,27.234,1741.416,1,0,0,1,1,1,1.0,35.0,46.002677,59.910668,52.528719,134.236542,1.136,72.0,4.87,2521000.0,2018.0
61,Almaty,Kazakhstan,KAZ,Central Asia,43.236392,76.945728,161.512,155.753,5.587,92,33.169965,7.002,256.387,1,0,0,1,1,1,1.0,38.0,54.194163,61.064472,50.398006,489.714569,3.754,83.0,1.73,8789000.0,2018.0
62,Astana,Kazakhstan,KAZ,Central Asia,51.12828,71.430471,179.817,166.56,5.286,68,33.169965,7.002,256.387,1,0,0,0,1,0,,38.0,54.194163,61.064472,50.398006,489.714569,3.754,83.0,1.73,8789000.0,2018.0
63,Shymkent,Kazakhstan,KAZ,Central Asia,42.314696,69.588328,144.703,127.63,13.955,36,33.169965,7.002,256.387,1,0,0,0,1,0,1.0,38.0,54.194163,61.064472,50.398006,489.714569,3.754,83.0,1.73,8789000.0,2018.0
64,Bishkek,Kyrgyzstan,KGZ,Central Asia,42.876142,74.603672,126.393,132.009,4.418,104,,2.63,484.931,1,0,0,1,1,1,1.0,26.0,34.064403,57.276297,40.853879,96.650818,1.568,74.0,2.72,6947000.0,2018.0
65,Osh,Kyrgyzstan,KGZ,Central Asia,40.517268,72.804989,179.23,142.298,12.305,24,,2.63,484.931,1,0,1,0,1,1,1.0,26.0,34.064403,57.276297,40.853879,96.650818,1.568,74.0,2.72,6947000.0,2018.0
66,Dushanbe,Tajikistan,TJK,Central Asia,38.585681,68.760331,71.248,57.448,15.11,37,27.640112,4.001,693.812,1,0,0,1,0,0,,19.0,39.655914,61.185813,36.591816,85.147026,1.87,72.0,2.9,1035000.0,2018.0
67,Khujand,Tajikistan,TJK,Central Asia,40.284219,69.619117,33.848,29.552,28.341,16,27.640112,4.001,693.812,1,0,0,0,1,0,1.0,19.0,39.655914,61.185813,36.591816,85.147026,1.87,72.0,2.9,1035000.0,2018.0
68,Ashgabat,Turkmenistan,TKM,Central Asia,37.937832,58.235947,133.744,9.063,113.013,0,,16.508,151.635,0,0,0,0,1,1,1.0,17.0,30.74657,70.08945,32.64298,581.382202,1.93,81.0,1.27,,
69,Tashkent,Uzbekistan,UZB,Central Asia,41.312336,69.278708,217.594,154.238,5.215,198,29.175699,13.662,217.705,1,0,0,1,1,1,,31.0,48.548469,65.437742,45.670923,192.118698,2.805,79.0,1.42,5346000.0,2018.0
70,Samarkand,Uzbekistan,UZB,Central Asia,39.655002,66.975695,168.144,135.268,15.393,153,29.175699,13.662,217.705,0,0,0,0,0,1,,31.0,48.548469,65.437742,45.670923,192.118698,2.805,79.0,1.42,5346000.0,2018.0
71,Bukhara,Uzbekistan,UZB,Central Asia,39.775984,64.415153,187.027,147.952,12.276,137,29.175699,13.662,217.705,0,0,0,0,0,1,1.0,31.0,48.548469,65.437742,45.670923,192.118698,2.805,79.0,1.42,5346000.0,2018.0
72,Yerevan,Armenia,ARM,Western Asia,40.177711,44.512623,162.014,150.783,6.559,208,38.272335,7.816,554.099,0,0,0,1,1,1,1.0,46.0,44.262284,53.539318,54.514004,766.95874,3.36,69.0,1.91,1652000.0,2018.0
73,Gyumri,Armenia,ARM,Western Asia,40.784137,43.843942,126.106,128.428,8.13,22,38.272335,7.816,554.099,0,0,0,1,0,1,1.0,46.0,44.262284,53.539318,54.514004,766.95874,3.36,69.0,1.91,1652000.0,2018.0
74,Baku,Azerbaijan,AZE,Western Asia,40.375589,49.832801,150.063,136.434,4.262,210,28.379949,12.923,489.95,1,0,0,0,1,1,1.0,30.0,54.570486,63.496038,48.611132,299.810608,3.185,67.0,2.4,2850000.0,2018.0
75,Ganja,Azerbaijan,AZE,Western Asia,40.679808,46.359718,303.512,192.739,7.204,12,28.379949,12.923,489.95,0,0,0,1,1,1,1.0,30.0,54.570486,63.496038,48.611132,299.810608,3.185,67.0,2.4,2850000.0,2018.0
76,Manama,Bahrain,BHR,Western Asia,26.223504,50.582244,181.317,90.308,6.718,143,43.095727,27.611,80.619,1,0,0,0,1,0,1.0,50.0,63.0118,61.18214,59.855029,1175.816284,0.741,78.0,0.87,12045000.0,2018.0
77,Nicosia,Cyprus,CYP,Western Asia,35.17465,33.363878,229.166,104.654,11.29,33,64.705125,18.782,469.555,1,0,1,1,1,1,1.0,55.0,68.249724,72.485522,68.826176,2899.36499,3.556,76.0,3.36,4024000.0,2018.0
78,Limassol,Cyprus,CYP,Western Asia,34.68529,33.033266,310.685,134.656,7.703,21,64.705125,18.782,469.555,1,0,1,1,1,1,,55.0,68.249724,72.485522,68.826176,2899.36499,3.556,76.0,3.36,4024000.0,2018.0
79,Paphos,Cyprus,CYP,Western Asia,34.774399,32.423159,214.498,96.562,8.685,84,64.705125,18.782,469.555,1,0,1,1,1,1,,55.0,68.249724,72.485522,68.826176,2899.36499,3.556,76.0,3.36,4024000.0,2018.0
80,Tbilisi,Georgia,GEO,Western Asia,41.693459,44.80145,49.902,48.481,5.455,513,32.943209,9.058,1082.187,1,0,0,1,1,1,,50.0,60.212147,55.427486,59.528532,554.324829,5.642,71.0,3.8,7203000.0,2018.0
81,Batumi,Georgia,GEO,Western Asia,41.65095,41.636009,49.1,46.825,11.458,242,32.943209,9.058,1082.187,1,0,0,1,1,1,1.0,50.0,60.212147,55.427486,59.528532,554.324829,5.642,71.0,3.8,7203000.0,2018.0
82,Kutaisi,Georgia,GEO,Western Asia,42.259679,42.663374,41.111,40.878,7.342,81,32.943209,9.058,1082.187,0,0,0,1,1,1,1.0,50.0,60.212147,55.427486,59.528532,554.324829,5.642,71.0,3.8,7203000.0,2018.0
83,Erbil,Iraq,IRQ,Western Asia,36.191174,44.009415,76.464,58.091,8.082,336,,22.958,194.048,0,0,0,1,1,1,1.0,28.0,29.91541,30.633252,33.589797,333.29361,1.022,64.0,9.06,,
84,Baghdad,Iraq,IRQ,Western Asia,33.30617,44.387221,57.609,55.405,11.276,140,,22.958,194.048,0,0,0,0,1,1,1.0,28.0,29.91541,30.633252,33.589797,333.29361,1.022,64.0,9.06,,
85,Tel Aviv,Israel,ISR,Western Asia,32.0853,34.781806,364.854,99.3,6.355,85,101.03802,19.993,265.318,1,1,0,1,1,1,,62.0,74.141011,48.172207,67.286274,3927.69873,3.797,85.0,3.69,4389000.0,2018.0
86,Jerusalem,Israel,ISR,Western Asia,31.778847,35.225786,286.565,71.998,10.128,112,101.03802,19.993,265.318,0,0,0,1,1,1,,62.0,74.141011,48.172207,67.286274,3927.69873,3.797,85.0,3.69,4389000.0,2018.0
87,Haifa,Israel,ISR,Western Asia,32.819122,34.998386,388.262,94.593,7.959,20,101.03802,19.993,265.318,1,0,0,1,1,1,,62.0,74.141011,48.172207,67.286274,3927.69873,3.797,85.0,3.69,4389000.0,2018.0
88,Amman,Jordan,JOR,Western Asia,31.951569,35.923963,258.748,208.413,4.647,115,42.336399,19.45,107.49,0,0,0,1,1,1,,50.0,55.544497,59.912952,59.86529,342.103943,2.851,74.0,3.21,4922000.0,2018.0
89,Aqaba,Jordan,JOR,Western Asia,29.526648,35.007543,209.136,198.222,10.169,68,42.336399,19.45,107.49,1,0,1,1,1,1,1.0,50.0,55.544497,59.912952,59.86529,342.103943,2.851,74.0,3.21,4922000.0,2018.0
90,Kuwait City,Kuwait,KWT,Western Asia,29.379653,47.973417,241.284,58.191,17.011,24,57.22266,26.326,120.252,1,0,0,0,0,1,1.0,46.0,57.716101,70.915303,60.937404,1679.123535,2.273,84.0,2.42,8508000.0,2018.0
91,Beirut,Lebanon,LBN,Western Asia,33.89592,35.47843,59.841,42.347,16.696,97,37.535473,15.264,660.593,1,0,0,1,1,1,,23.0,29.366405,42.156425,38.285031,260.811981,2.68,67.0,4.29,1964000.0,2018.0
92,Muscat,Oman,OMN,Western Asia,23.612363,58.593813,173.982,64.497,9.559,19,47.162344,27.702,54.112,1,0,0,1,1,1,,52.0,62.375147,76.60859,64.698483,732.040894,1.992,73.0,7.84,3242000.0,2018.0
93,Salalah,Oman,OMN,Western Asia,17.017495,54.101092,157.258,66.086,24.262,31,47.162344,27.702,54.112,1,0,1,0,0,1,1.0,52.0,62.375147,76.60859,64.698483,732.040894,1.992,73.0,7.84,3242000.0,2018.0
94,Doha,Qatar,QAT,Western Asia,25.285633,51.526416,361.058,319.569,5.377,155,56.271924,27.996,70.682,1,0,0,0,1,1,1.0,58.0,73.395251,82.141988,67.112021,1804.354248,3.022,84.0,0.88,1819000.0,2018.0
95,Riyadh,Saudi Arabia,SAU,Western Asia,24.638916,46.71601,185.953,75.743,13.571,29,46.808063,25.853,101.9,0,0,0,0,1,1,,57.0,66.571011,65.071556,60.585066,1825.254517,3.406,83.0,9.67,17570000.0,2018.0
96,Jeddah,Saudi Arabia,SAU,Western Asia,21.550443,39.174236,211.118,106.561,7.545,58,46.808063,25.853,101.9,1,0,0,0,1,1,0.0,57.0,66.571011,65.071556,60.585066,1825.254517,3.406,83.0,9.67,17570000.0,2018.0
97,Al Khobar,Saudi Arabia,SAU,Western Asia,26.304,50.196024,199.063,102.962,7.09,36,46.808063,25.853,101.9,0,0,0,0,1,1,0.0,57.0,66.571011,65.071556,60.585066,1825.254517,3.406,83.0,9.67,17570000.0,2018.0
98,Ramallah,State of Palestine,PSE,Western Asia,31.897801,35.192422,161.625,97.558,5.703,33,,19.511,439.736,0,0,0,1,1,1,1.0,,29.979459,33.843302,39.93649,345.679657,2.168,65.0,,606000.0,2018.0
99,Damascus,Syria,SYR,Western Asia,33.51307,36.309581,,,,81,32.244159,18.702,294.839,0,0,0,0,1,0,,15.0,18.817481,25.443941,25.752136,33.340179,1.521,70.0,12.65,1802000.0,2018.0
100,Istanbul,Türkiye,TUR,Western Asia,41.006381,28.975872,208.892,117.946,7.877,1302,41.06882,11.648,604.291,1,0,1,1,1,1,1.0,31.0,49.965489,49.313104,42.448947,547.814575,2.236,77.0,14.62,46113000.0,2018.0
101,Ankara,Türkiye,TUR,Western Asia,39.920776,32.85405,181.602,35.738,9.626,142,41.06882,11.648,604.291,1,0,0,0,1,1,,31.0,49.965489,49.313104,42.448947,547.814575,2.236,77.0,14.62,46113000.0,2018.0
102,Antalya,Türkiye,TUR,Western Asia,36.886573,30.703024,208.851,41.348,12.558,170,41.06882,11.648,604.291,1,0,1,1,1,1,,31.0,49.965489,49.313104,42.448947,547.814575,2.236,77.0,14.62,46113000.0,2018.0
103,Dubai,United Arab Emirates,ARE,Western Asia,25.264723,55.292415,302.731,166.648,6.828,385,63.361631,28.237,59.39,1,0,0,1,1,1,,69.0,75.839281,79.366146,65.515759,2401.520264,2.992,84.0,5.97,23092000.0,2018.0
104,Abu Dhabi,United Arab Emirates,ARE,Western Asia,24.453835,54.377401,361.976,194.038,6.035,61,63.361631,28.237,59.39,1,0,0,0,1,1,1.0,69.0,75.839281,79.366146,65.515759,2401.520264,2.992,84.0,5.97,23092000.0,2018.0
105,Sharjah,United Arab Emirates,ARE,Western Asia,25.34615,55.421063,341.308,191.75,7.592,66,63.361631,28.237,59.39,1,0,0,1,1,1,1.0,69.0,75.839281,79.366146,65.515759,2401.520264,2.992,84.0,5.97,23092000.0,2018.0
106,Sana'a,Yemen,YEM,Western Asia,15.353857,44.205884,15.755,8.33,45.778,157,43.571742,25.526,189.994,0,0,0,0,0,1,,13.0,14.925753,18.910357,24.237016,47.781097,0.098,43.0,24.83,,
